연번,경기(행사) 일시,구 분,경기(행사) 종류,경기(행사) 내용,주 최,관람인원,수입금(원),사용일수(일)
,2011-05-04,,FC서울홈경기,ACL(vs알아인),GS스포츠,23593 ,36821430 ,2
,2011-05-15,,FC서울홈경기,K리그(vs경남),GS스포츠,26008 ,38325470 ,1
,2011-05-18,,FC서울홈경기,FA컵(vs용인시청),GS스포츠,3733 ,6504670 ,1
,2011-05-21,,FC서울홈경기,K리그(vs대구),GS스포츠,14817 ,28484710 ,1
,2011-05-25,,FC서울홈경기,ACL(vs가시마 엔틀러스),GS스포츠,12725 ,32208280 ,2
,2011-05-28,,문화일반행사,2011 드림콘서트,한국연예인제작자협회,35848 ,57010980 ,5
,2011-06-03,,국가대표,친선경기(vs세르비아),대한축구협회,30741 ,149361470 ,2
,2011-06-11,,FC서울홈경기,K리그(vs포항),GS스포츠,44358 ,43836790 ,1
,2011-06-19,,국가대표,올림픽 예선전(vs요르단),대한축구협회,27436 ,122416280 ,2
,2011-06-25,,FC서울홈경기,K리그(vs인천),GS스포츠,15414 ,28239910 ,1
,2011-07-09,,FC서울홈경기,K리그(vs상주),GS스포츠,28034 ,37067540 ,1
,2011-07-23,,FC서울홈경기,K리그(vs광주),GS스포츠,21112 ,33355860 ,1
,2011-08-13,,FC서울홈경기,K리그(vs전남),GS스포츠,19578 ,32073920 ,1
,2011-08-27,,FC서울홈경기,K리그(vs강원),GS스포츠,23945 ,35274070 ,1
,2011-09-06,,문화일반행사,창립 50주년 행사,농협중앙회,40470 ,60050200 ,6
,2011-09-18,,FC서울홈경기,K리그(vs부산),GS스포츠,33663 ,44106080 ,1
,2011-09-24,,FC서울홈경기,K리그(vs대전),GS스포츠,30286 ,39204660 ,1
,2011-09-27,,FC서울홈경기,ACL(vs알이티하드),GS스포츠,14140 ,38331340 ,2
,2011-10-01,,문화일반행사,TBS 행복콘서트,교통방송,25000 ,8070940 ,5
,2011-10-07,,국가대표,평가전(vs우즈베키스탄),대한축구협회,29756 ,161131750 ,2
,2011-10-07,,국가대표,친선경기(vs폴란드),대한축구협회,,,0
,2011-10-14,,문화일반행사,종교행사,순복음교회,66806 ,85489320 ,6
,2011-10-16,,기타축구,하이서울 유소년축구 왕중왕전,서울시,1500 ,2583850 ,1
,2011-10-23,,FC서울홈경기,K리그(vs성남),GS스포츠,42921 ,44787080 ,1
,2011-11-05,,기타축구,전국 초중고 왕중왕전,대한축구협회,7052 ,30952890 ,1
,2011-11-19,,FC서울홈경기,K리그(vs울산),GS스포츠,30799 ,42324130 ,1
,2011-11-27,,국가대표,올림픽 예선전(vs사우디),대한축구협회,22334 ,75922800 ,2
,2012-02-29,,국가대표,월드컵 예선전(vs쿠웨이트),축구협회,40076 ,193904110 ,2
,2012-03-10,,FC서울홈경기,K리그(vs전남),GS스포츠,18121 ,40170960 ,1
,2012-03-14,,국가대표,올림픽 예선전(vs카타르),축구협회,36205 ,74924740 ,2
,2012-03-18,,FC서울홈경기,K리그(vs대전),GS스포츠,20415 ,36995250 ,1
,2012-03-25,,FC서울홈경기,K리그(vs전북),GS스포츠,25594 ,49141170 ,1
,2012-04-08,,FC서울홈경기,K리그(vs상주),GS스포츠,9943 ,32888260 ,1
,2012-04-21,,FC서울홈경기,K리그(vs제주),GS스포츠,8061 ,29074670 ,1
,2012-05-05,,FC서울홈경기,K리그(vs포항),GS스포츠,45780 ,56028330 ,1
,2012-05-06,,문화일반행사,종교행사,워치타워,49004 ,61301780 ,6
,2012-05-12,,문화일반행사,2012 드림콘서트,한국연예인제작자협회,43541 ,72686510 ,7
,2012-05-23,,FC서울홈경기,FA컵(vs목포시청),GS스포츠,1715 ,6985590 ,1
,2012-05-28,,FC서울홈경기,K리그(vs인천),GS스포츠,30943 ,61736840 ,1
,2012-06-14,,FC서울홈경기,K리그(vs성남),GS스포츠,9122 ,31951920 ,1
,2012-06-20,,FC서울홈경기,FA컵(vs수원),GS스포츠,14726 ,36153380 ,1
,2012-06-24,,FC서울홈경기,K리그(vs울산),GS스포츠,25511 ,39321100 ,1
,2012-07-01,,FC서울홈경기,K리그(vs광주),GS스포츠,8219 ,30559080 ,1
,2012-07-05,,기타축구,프로축구올스타전,프로축구연맹,34542 ,158893140 ,2
,2012-07-07,,문화일반행사,슈퍼스타K,CJ E&M,17394 ,50911570 ,3
,2012-07-14,,국가대표,올림픽대표 평가전(vs뉴질랜드),대한축구협회,31509 ,118853840 ,2
,2012-07-21,,FC서울홈경기,K리그(vs부산),GS스포츠,24450 ,38670100 ,1
,2012-08-04,,FC서울홈경기,K리그(vs강원),GS스포츠,13432 ,33521100 ,1
,2012-08-08,,FC서울홈경기,K리그(vs경남),GS스포츠,7717 ,29750420 ,1
,2012-08-18,,FC서울홈경기,K리그(vs수원),GS스포츠,50487 ,68866820 ,1
,2012-08-26,,FC서울홈경기,K리그(vs대구),GS스포츠,13474 ,32480500 ,1
,2012-09-22,,FC서울홈경기,K리그(vs포항),GS스포츠,17285 ,33791760 ,1
,2012-10-07,,FC서울홈경기,K리그(vs경남),GS스포츠,17568 ,35240890 ,1
,2012-11-04,,FC서울홈경기,K리그(vs수원),GS스포츠,40193 ,54082960 ,1
,2012-11-10,,기타축구,전국 초중고 중등부 왕중왕전,대한축구협회,2933 ,23648665 ,1
,2012-11-15,,FC서울홈경기,K리그(vs울산),GS스포츠,7145 ,29521970 ,1
,2012-11-17,,기타축구,전국 초중고 고등부 왕중왕전,대한축구협회,2933 ,23648665 ,1
,2012-11-21,,FC서울홈경기,K리그(vs제주),GS스포츠,8507 ,30996310 ,1
,2012-11-25,,FC서울홈경기,K리그(vs전북),GS스포츠,25077 ,55716290 ,1
,2012-12-02,,FC서울홈경기,K리그(vs부산),GS스포츠,19968 ,35956970 ,1
,2013-02-26,,FC서울홈경기,ACL(vs장쑤 세인티),GS스포츠,6046 ,19667940 ,2
,2013-03-02,,FC서울홈경기,K리그 클래식(vs포항),GS스포츠,18536 ,57232390 ,1
,2013-03-09,,FC서울홈경기,K리그 클래식(vs인천),GS스포츠,15931 ,34743730 ,1
,2013-03-26,,국가대표,월드컵 최종 예선전(vs카타르),대한축구협회,35282 ,143899480 ,2
,2013-03-30,,FC서울홈경기,K리그 클래식(vs경남),GS스포츠,15146 ,35133950 ,1
,2013-04-02,,FC서울홈경기,ACL(vs센다이),GS스포츠,9588 ,21249780 ,2
,2013-04-06,,FC서울홈경기,K리그 클래식(vs울산),GS스포츠,9277 ,29385090 ,1
,2013-04-13,,문화일반행사,싸이 콘서트,서울기획,45099 ,254051510 ,10
,2013-04-20,,FC서울홈경기,K리그 클래식(vs대구),GS스포츠,10089 ,28174130 ,1
,2013-04-28,,FC서울홈경기,K리그 클래식(vs강원),GS스포츠,16897 ,34547890 ,1
,2013-05-01,,FC서울홈경기,ACL(vs부리람 Utd),GS스포츠,7468 ,19818330 ,2
,2013-05-08,,FC서울홈경기,FA컵(vs연세대),GS스포츠,1766 ,6049370 ,1
,2013-05-11,,문화일반행사,2013 드림콘서트,"한국연예제작자협회
",41171 ,76968130 ,4
,2013-05-21,,FC서울홈경기,ACL(vs베이징 궈안),GS스포츠,14288 ,21364400 ,2
,2013-06-01,,FC서울홈경기,K리그 클래식(vs전남),GS스포츠,22647 ,38192750 ,1
,2013-06-11,,국가대표,월드컵 최종 예선전(vs우즈베키스탄),대한축구협회,49361 ,186135070 ,2
,2013-06-21,,기타축구,프로축구올스타전,프로축구연맹,13210 ,74427560 ,2
,2013-06-23,,FC서울홈경기,K리그 클래식(vs부산),GS스포츠,17623 ,35948120 ,1
,2013-06-29,,문화일반행사,슈퍼스타K 5,CJ E&M,15043 ,47204090 ,3
,2013-07-07,,FC서울홈경기,K리그 클래식(vs성남),GS스포츠,12967 ,32070850 ,1
,2013-07-10,,FC서울홈경기,FA컵(vs광주),GS스포츠,3458 ,13865160 ,1
,2013-07-20,,국가대표,동아시안컵,대한축구협회,17740 ,79060270 ,2
,2013-07-21,,국가대표,동아시안컵,대한축구협회,14446 ,56938060 ,2
,2013-07-31,,FC서울홈경기,K리그 클래식(vs제주),GS스포츠,13811 ,32428900 ,1
,2013-08-03,,FC서울홈경기,K리그 클래식(vs수원),GS스포츠,43485 ,55968680 ,1
,2013-08-07,,FC서울홈경기,FA컵(vs부산),GS스포츠,6444 ,16499460 ,1
,2013-08-15,,FC서울홈경기,K리그 클래식(vs대전),GS스포츠,14229 ,34357580 ,1
,2013-08-28,,FC서울홈경기,K리그 클래식(vs전북),GS스포츠,17313 ,36696200 ,1
,2013-09-11,,FC서울홈경기,K리그 클래식(vs포항),GS스포츠,7582 ,28806490 ,1
,2013-09-18,,FC서울홈경기,ACL(vs알 아흘리),GS스포츠,17957 ,27156960 ,2
,2013-09-25,,FC서울홈경기,ACL(vs에스테그랄),GS스포츠,12610 ,23113070 ,2
,2013-10-11,,문화일반행사,종교행사,"여의도순복음교회
",66806 ,83253830 ,5
,2013-10-12,,국가대표,친선경기(vs브라질),대한축구협회,64048 ,396728380 ,2
,2013-10-14,,기타축구,WK-리그 챔피언결정전,"서울시체육회,한국여자축구연맹
",2291 ,12561790 ,1
,2013-10-20,,FC서울홈경기,K리그 클래식(vs울산),GS스포츠,15185 ,32004350 ,1
,2013-10-26,,FC서울홈경기,ACL(vs광저우 에버그란데),GS스포츠,55287 ,89011210 ,2
,2013-11-02,,FC서울홈경기,K리그 클래식(vs수원),GS스포츠,25583 ,42302370 ,1
,2013-11-09,,기타축구,초중고왕중왕전(중등부 결승),대한축구협회,1826 ,18054260 ,1
,2013-11-15,,국가대표,친선경기(한국-스위스),대한축구협회,30693 ,158057660 ,2
,2013-11-16,,기타축구,초중고왕중왕전(고등부 결승),대한축구협회,1821 ,13330240 ,1
,2013-11-17,,FC서울홈경기,K리그 클래식(vs인천),GS스포츠,13305 ,31644230 ,1
,2013-11-20,,FC서울홈경기,K리그 클래식(vs전북),GS스포츠,5307 ,28136110 ,1
,2013-11-24,,FC서울홈경기,K리그 클래식(vs부산),GS스포츠,16946 ,33527290 ,1
,2014-02-25,,FC서울홈경기,ACL(vs센트럴코스트),GS스포츠,6491 ,26247070 ,2
,2014-03-08,,FC서울홈경기,K리그 클래식(vs전남),GS스포츠,13674 ,38254820 ,1
,2014-03-23,,FC서울홈경기,K리그 클래식(vs부산),GS스포츠,16460 ,38900410 ,1
,2014-03-26,,FC서울홈경기,K리그 클래식(vs제주),GS스포츠,6872 ,31282850 ,1
,2014-04-01,,FC서울홈경기,ACL(vs산프레체 히로시마),GS스포츠,8897 ,30223230 ,2
,2014-04-06,,FC서울홈경기,K리그 클래식(vs전북),GS스포츠,22662 ,48405350 ,1
,2014-04-12,,FC서울홈경기,K리그 클래식(vs경남),GS스포츠,12497 ,35535660 ,1
,2014-04-20,,FC서울홈경기,K리그 클래식(vs포항),GS스포츠,13554 ,35771030 ,1
,2014-04-23,,FC서울홈경기,ACL(vs베이징궈안),GS스포츠,9574 ,28938500 ,2
,2014-04-30,,FC서울홈경기,FA컵(vs인천),GS스포츠,3115 ,8851200 ,1
,2014-05-02,,기타축구,시민개방 축구경기,이홍원(가락시장축구동호회),50 ,1020000 ,1
,2014-05-10,,기타축구,2014 서울컵 선데이리그 결승,서울시설공단, - , - ,1
,2014-05-14,,FC서울홈경기,AC:(vs가와사키 프론탈레),GS스포츠,12287 ,26804910 ,2
,2014-05-18,,FC서울홈경기,K리그 클래식(FC서울 vs 성남),GS스포츠,18636 ,39765780 ,1
,2014-05-21,,기타축구,시민개방 축구경기,권호진(토요축구회),50 ,1020000 ,1
,2014-05-24,,문화일반행사,그라운드 예식 행사,박지호,150 ,1586000 ,1
,2014-05-28,,국가대표,월드컵 출정식(vs튀니지),대한축구협회,49126 ,219743910 ,2
,2014-05-30,,기타축구,시민개방 축구경기,장영선(용산구축구연합회),40 ,1020000 ,1
,2014-06-07,,문화일반행사,2014 드림콘서트,"한국연예제작자협회
",42844 ,87354940 ,7
,2014-06-13,,문화일반행사,그라운드 예식 행사,최게바라기획사,1200 ,3735860 ,1
,2014-06-20,,기타축구,시민개방 축구경기,장영선(삼광축구회),35 ,1020000 ,1
,2014-07-12,,FC서울홈경기,K리그 클래식(vs수원),GS스포츠,46549 ,81453860 ,1
,2014-07-16,,FC서울홈경기,FA컵(vs포항),GS스포츠,7087 ,19278540 ,1
,2014-07-23,,FC서울홈경기,K리그 클래식(vs상주),GS스포츠,7803 ,32702270 ,1
,2014-07-25,,기타축구,K리그 올스타전,프로축구연맹,45991 ,141641230 ,2
,2014-07-30,,기타축구,레버쿠젠 초청 친선경기,GS스포츠,53376 ,182948560 ,2
,2014-08-06,,FC서울홈경기,K리그 클래식(vs울산),GS스포츠,12551 ,29422030 ,1
,2014-08-09,,문화일반행사,현대카드 시티브레이크,액세스,21038 ,326108750 ,9
,2014-08-15,,문화일반행사,SM타운 라이브,드림메이커스,24360 ,181256470 ,5
,2014-08-16,,FC서울홈경기,K리그 클래식(vs인천),GS스포츠,24027 ,41640640 ,1
,2014-08-23,,문화일반행사,기아체험,월드비전,18100 ,49108420 ,8
,2014-08-27,,FC서울홈경기,ACL(vs포항),GS스포츠,14122 ,37987630 ,2
,2014-08-31,,FC서울홈경기,K리그 클래식(vs제주),GS스포츠,14493 ,37256390 ,1
,2014-09-06,,문화일반행사,여호와의증인, 워치타워,194520 ,225262020 ,6
,2014-09-13,,FC서울홈경기,K리그 클래식(vs인천),GS스포츠,17345 ,41513490 ,1
,2014-09-17,,FC서울홈경기,ACL(vs웨스턴시드니),GS스포츠,12901 ,30239180 ,2
,2014-09-24,,FC서울홈경기,K리그 클래식(vs경남),GS스포츠,4336 ,28589420 ,1
,2014-10-05,,FC서울홈경기,K리그 클래식(vs수원),GS스포츠,41300 ,59449530 ,1
,2014-10-14,,국가대표,친선경기(vs코스타리카),대한축구협회,34552 ,150063930 ,2
,2014-10-19,,문화일반행사,2014 롤드컵 챔피언십,라이엇게임즈,40198 ,270146520 ,8
,2014-10-26,,FC서울홈경기,K리그 클래식(vs부산),GS스포츠,17039 ,37553900 ,1
,2014-11-02,,FC서울홈경기,K리그 스플릿(vs전북),GS스포츠,10990 ,32273960 ,1
,2014-11-08,,문화일반행사,2014 맨즈헬스 어반애슬론, 플랜박스,2123 ,31199440 ,2
,2014-11-16,,FC서울홈경기,K리그 스플릿(vs울산),GS스포츠,14836 ,35270500 ,1
,2014-11-23,,FC서울홈경기,FA컵(vs성남),GS스포츠,26969 ,65933520 ,1
,2014-11-26,,FC서울홈경기,K리그 스플릿(vs포항),GS스포츠,7636 ,29186230 ,1
1,2015-02-17,기타축구,ACL,ACL(vs하노이T&T FC),GS스포츠,6718 ,23835150 ,3
2,2015-03-04,기타축구,ACL,ACL(vs가시마앤틀러스),GS스포츠,5790 ,27579990 ,2
3,2015-03-14,K리그,K리그 클래식,K리그 클래식(vs전북),GS스포츠,32516 ,53033020 ,1
4,2015-03-18,기타축구,ACL,ACL(vs웨스턴시드니),GS스포츠,5645 ,26955470 ,2
5,2015-03-31,국가대표,국가대표팀 친선경기,친선경기(vs뉴질랜드),대한축구협회,28574 ,152907970 ,3
6,2015-04-04,K리그,K리그 클래식,K리그 클래식-4R(vs제주),GS스포츠,22155 ,44383420 ,1
44,2015-04-11,기타축구,시민개방 축구경기,시민개방 축구경기,유종인(이대영클럽),50 ,897000 ,1
7,2015-04-15,K리그,K리그 클래식,K리그 클래식-6R(vs대전),GS스포츠,7186 ,32039255 ,1
45,2015-04-18,기타축구,시민개방 축구경기,시민개방 축구경기,곰두리장애인축구단,350 ,0 ,1
8,2015-04-21,기타축구,ACL,ACL(vs광저우에버그란데),GS스포츠,17157 ,43892170 ,2
9,2015-04-25,일반행사,콘서트,토요일을 즐겨라,(주)월드쇼마켓,15246 ,103347060 ,6
10,2015-04-29,기타축구,FA컵,FA컵(vs경주 한수원),GS스포츠,1570 ,7593370 ,1
11,2015-05-02,K리그,K리그 클래식,K리그 클래식-9R(vs성남),GS스포츠,18441 ,41630820 ,1
46,2015-05-05,기타축구,시민개방 축구경기,시민개방 축구경기,조상호(서울시의원),60 ,897000 ,1
12,2015-05-09,일반행사,콘서트,청춘페스티벌,(주)마이크임팩트,17782 ,87806150 ,6
13,2015-05-16,K리그,K리그 클래식,K리그 클래식-11R(vs전남),GS스포츠,17819 ,41393340 ,1
14,2015-05-20,기타축구,ACL,ACL(vs감바 오사카),GS스포츠,10607 ,28167540 ,2
15,2015-05-23,일반행사,콘서트,2015 드림콘서트,한국연예제작자협회,43780 ,102612200 ,5
16,2015-05-31,K리그,K리그 클래식,K리그 클래식(vs울산),GS스포츠,18413 ,42976350 ,1
17,2015-06-03,K리그,K리그 클래식,K리그 클래식(vs인천),GS스포츠,5023 ,32334930 ,1
47,2015-06-06,기타축구,시민개방 축구경기,시민개방 축구경기,손원균(패밀리FC),40 ,897000 ,1
18,2015-06-13,기타축구,한일국회의원 친선경기,한일국회의원 친선경기,국회사무처,150 ,3196090 ,1
19,2015-06-17,K리그,K리그 클래식,K리그 클래식(vs부산),GS스포츠,4267 ,31555280 ,1
20,2015-06-21,기타축구,서울컵2015 전기결승,서울컵2015 전기결승,"서울시설공단,GS스포츠",350 ,0 ,1
21,2015-06-27,K리그,K리그 클래식,K리그 클래식(vs수원),GS스포츠,39328 ,90737710 ,1
22,2015-07-05,K리그,K리그 클래식,K리그 클래식(vs광주),GS스포츠,11587 ,37479390 ,1
23,2015-07-11,K리그,K리그 클래식,K리그 클래식(vs포항),GS스포츠,17913 ,45552070 ,1
48,2015-07-19,기타축구,시민개방 축구경기,시민개방 축구경기,김나라,50 ,897000 ,1
24,2015-07-22,기타축구,FA컵,FA컵(vs포항),GS스포츠,6267 ,19542550 ,1
25,2015-07-25,K리그,K리그 클래식,K리그 클래식(vs인천),GS스포츠,10454 ,36730020 ,1
26,2015-08-15,일반행사,콘서트,815 국민대합창,KBS,55841 ,120200130 ,12
27,2015-08-22,K리그,K리그 클래식,K리그 클래식(vs대전),GS스포츠,17986 ,43833680 ,1
49,2015-09-06,기타축구,시민개방 축구경기,시민개방 축구경기,FC희석,50 ,897000 ,1
28,2015-09-09,K리그,K리그 클래식,K리그 클래식(vs포항),GS스포츠,9566 ,38273140 ,1
29,2015-09-12,기타축구,서울시민리그(S-리그),서울시민리그(S-리그),서울시(체육진흥과),240 ,649060 ,1
30,2015-09-19,일반행사,콘서트,토토즐 앵콜공연,(주)월드쇼마켓,7577 ,51041096 ,5
31,2015-09-23,K리그,K리그 클래식,K리그 클래식(vs성남),GS스포츠,8792 ,35108830 ,1
32,2015-09-28,K리그,K리그 클래식,K리그 클래식(vs광주),GS스포츠,17061 ,41638164 ,1
33,2015-10-03,일반행사,어반애슬런 2015,어반애슬런 2015,(주)블렌트,2330 ,35030090 ,2
34,2015-10-03,일반행사,그라운드 예식,그라운드 예식,박혜령,200 ,3620690 ,1
35,2015-10-04,K리그,K리그 클래식,K리그 클래식(vs전남),GS스포츠,20192 ,45085064 ,1
36,2015-10-09,일반행사,ONE-K 콘서트,ONE-K 콘서트,새시대통일의노래캠페인조직위원회,42852 ,94610650 ,7
37,2015-10-13,국가대표,국가대표팀 친선경기,친선경기(vs자메이카),대한축구협회,18955 ,136252210 ,2
38,2015-10-16,일반행사,종교행사,2015 기도대성회,(재)순복음선교회,63336 ,99866820 ,4
50,2015-10-20,기타축구,중국유소년팀 초청 친선경기,중국유소년팀 초청 친선경기,마포구청 생활체육과,60 ,714000 ,1
51,2015-10-21,기타축구,중국유소년팀 초청 친선경기,중국유소년팀 초청 친선경기,마포구청 생활체육과,60 ,714000 ,1
39,2015-10-25,K리그,K리그 클래식,K리그 스플릿(vs전북),GS스포츠,24262 ,51532290 ,1
40,2015-10-31,기타축구,FA컵,FA컵 결승전(vs인천),GS스포츠,26797 ,49031360 ,1
41,2015-11-07,K리그,K리그 클래식,K리그 스플릿(vs수원),GS스포츠,23308 ,69127730 ,1
42,2015-11-21,기타축구,서울컵2015 후기결승,서울컵2015 후기결승,"서울시설공단,GS스포츠",350 ,0 ,1
43,2015-11-28,기타축구,서울컵2015 통합결승,서울컵2015 통합결승,"서울시설공단,GS스포츠",350 ,0 ,1
52,2016-02-29,기타축구,ACL,ACL 적응훈련(히로시마),GS스포츠,50 ,460000 ,1
53,2016-03-01,기타축구,ACL,ACL (vs 히로시마),GS스포츠,18115 ,39962090 ,1
54,2016-03-20,K리그,K리그 클래식,K리그 클래식(vs상주),GS스포츠,25950 ,49204650 ,1
55,2016-04-02,K리그,K리그 클래식,K리그 클래식(vs인천),GS스포츠,19318 ,45520290 ,1
57,2016-04-04,기타축구,ACL,ACL 적응훈련(산둥루넝),GS스포츠,50 ,598000 ,1
58,2016-04-05,기타축구,ACL,ACL (vs 산둥루넝),GS스포츠,10147 ,33441240 ,1
56,2016-04-14,일반행사,콘서트,mbc무한도전 게릴라 콘서트,mbc 문화방송,14156 ,33039330 ,4
59,2016-04-16,K리그,K리그 클래식,K리그 클래식(vs수원FC),GS스포츠,13190 ,40614080 ,1
60,2016-04-19,기타축구,ACL,ACL 적응훈련(부리람),GS스포츠,50 ,598000 ,1
61,2016-04-20,기타축구,ACL,ACL (vs 부리람),GS스포츠,5109 ,27360970 ,2
62,2016-04-22,기타축구,일반시민 축구경기,일반시민 축구경기,한성동문축구클럽,50 ,690000 ,1
63,2016-04-23,기타축구,일반시민 축구경기,일반시민 축구경기,곰두리축구단,60 ,0 ,1
64,2016-05-01,일반행사,종교행사,원불교 100주년 기념행사,원불교,49292 ,93492760 ,8
65,2016-05-08,K리그,K리그 클래식,K리그 클래식(vs포항),GS스포츠,17530 ,44274590 ,1
66,2016-05-11,기타축구,FA컵,FA컵-32강전 (vs대구FC),GS스포츠,3539 ,11606690 ,1
67,2016-05-24,기타축구,ACL,ACL 적응훈련(우라와),GS스포츠,50 ,598000 ,1
68,2016-05-25,기타축구,ACL,ACL 16강전 (vs우라와 ),GS스포츠,14173 ,31028600 ,1
69,2016-05-29,K리그,K리그 클래식,K리그 클래식(vs전남),GS스포츠,15851 ,42483520 ,1
70,2016-06-04,일반행사,콘서트,2016 드림콘서트,한국연예제작자협회,43712 ,102288570 ,7
71,2016-06-06,K리그,K리그 클래식,K리그 클래식(vs제주),GS스포츠,17466 ,45826590 ,1
72,2016-06-15,K리그,K리그 클래식,K리그 클래식(vs광주),GS스포츠,5505 ,34016190 ,1
73,2016-06-18,K리그,K리그 클래식,K리그 클래식(vs수원삼성),GS스포츠,47899 ,88646260 ,1
74,2016-06-22,기타축구,FA컵,FA컵-16강전 (vs안산경찰청),GS스포츠,3993 ,11932030 ,1
75,2016-06-25,기타축구,일반시민 축구경기,일반시민 축구경기,오 재 상,50 ,897000 ,1
76,2016-06-26,기타축구,일반시민 축구경기,일반시민 축구경기,남 상 범,50 ,897000 ,1
77,2016-06-29,K리그,K리그 클래식,K리그 클래식(vs성남),GS스포츠,7865 ,41603320 ,1
78,2016-07-03,일반행사,프린지 축제(윷놀이),프린지 축제(윷놀이),프 린 지,500 ,0 ,1
79,2016-07-09,K리그,K리그 클래식,K리그 클래식(vs울산),GS스포츠,18372 ,49353270 ,1
80,2016-07-13,기타축구,FA컵,FA컵-8강전 (vs전남),GS스포츠,5322 ,13680650 ,1
81,2016-07-16,기타축구,일반시민 축구경기,일반시민 축구경기,필립스전자,50 ,897000 ,1
82,2016-07-17,기타축구,일반시민 축구경기,일반시민 축구경기,jinguangzh,50 ,897000 ,1
83,2016-07-20,K리그,K리그 클래식,K리그 클래식(vs전북),GS스포츠,18814 ,50784780 ,1
84,2016-07-22,일반행사,프린지 축제(크리미널 런),프린지 축제(크리미널 런),프 린 지,500 ,0 ,2
85,2016-07-31,K리그,K리그 클래식,K리그 클래식(vs포항),GS스포츠,17140 ,48929580 ,1
86,2016-08-13,K리그,K리그 클래식,K리그 클래식(vs수원삼성),GS스포츠,36309 ,68641240 ,1
87,2016-08-20,일반행사,콘서트,빅뱅 10주년 기념 콘서트,YG엔터테인먼트,64816 ,575270560 ,6
88,2016-08-23,기타축구,ACL,ACL 적응훈련(산둥루넝),GS스포츠,50 ,598000 ,1
89,2016-08-24,기타축구,ACL,ACL-8강(vs산둥루넝),GS스포츠,16044 ,38233230 ,1
90,2016-08-28,K리그,K리그 클래식,K리그 클래식(vs전북),GS스포츠,24508 ,57407730 ,1
91,2016-08-31,국가대표,월드컵예선 적응훈련(중국),월드컵예선 적응훈련(중국),대한축구협회,50 ,598000 ,1
92,2016-09-01,국가대표,월드컵예선(vs중국),월드컵예선(vs중국),대한축구협회,46534 ,260632680 ,2
93,2016-09-03,K리그,K리그 클래식,K리그 클래식(vs울산),GS스포츠,13843 ,44235720 ,1
94,2016-09-10,일반행사,프린지 축제(크리미널 런),프린지 축제(크리미널 런),프 린 지,60 ,0 ,1
95,2016-09-11,기타축구,일반시민 축구경기,일반시민 축구경기,조 성 일,50 ,897000 ,1
96,2016-09-18,K리그,K리그 클래식,K리그 클래식(vs제주),GS스포츠,15516 ,44263090 ,1
97,2016-09-23,일반행사,전국금융노조 축제 한마당,전국금융노조 축제 한마당,전국금융산업노동조합,53332 ,88433400 ,3
98,2016-09-24,기타축구,일반시민 축구경기,일반시민 축구경기,윤 무 영,50 ,897000 ,1
99,2016-09-25,일반행사,프린지 축제(즉흥으로놀자),프린지 축제(즉흥으로놀자),프 린 지,500 ,0 ,2
100,2016-10-03,일반행사,어반 애슬런 2016,어반 애슬런 2016,볼 렌 트,1600 ,36917580 ,2
101,2016-10-08,일반행사,청춘 아레나,청춘 아레나,마이크임팩트,9449 ,47704320 ,5
102,2016-10-15,기타축구,2016 서울컵 남자부 결승,2016 서울컵 남자부 결승,"공단, GS스포츠",50 ,0 ,1
103,2016-10-15,K리그,K리그 클래식,스플릿리그 (vs울산),GS스포츠,10482 ,38438370 ,1
104,2016-10-18,기타축구,ACL,ACL 적응훈련(전북),GS스포츠,50 ,460000 ,1
105,2016-10-19,기타축구,ACL,ACL 4강전 (vs전북),GS스포츠,14677 ,36210420 ,1
106,2016-10-22,기타축구,2016 서울컵 여자부 결승,2016 서울컵 여자부 결승,"공단, GS스포츠",50 ,0 ,1
107,2016-10-22,K리그,K리그 클래식,스플릿리그 (vs상주),GS스포츠,11565 ,41455400 ,1
108,2016-10-26,기타축구,FA컵,FA컵 4강전 (vs부천),GS스포츠,5843 ,12934460 ,1
109,2016-11-02,K리그,K리그 클래식,스플릿리그 (vs전남),GS스포츠,5011 ,34624960 ,1
110,2016-11-14,국가대표,월드컵예선 적응훈련(우주백),월드컵예선 적응훈련(우주백),대한축구협회,150 ,1518000 ,3
111,2016-11-15,국가대표,월드컵예선(vs우주백),월드컵예선(vs우주백),대한축구협회,27496 ,133667740 ,1
112,2016-11-20,기타축구,서울시 S리그 결승,서울시 S리그 결승,서울시 체육진흥과,50 ,411580 ,1
113,2016-12-03,기타축구,FA컵,FA컵 결승전 (vs수원),GS스포츠,35037 ,70985880 ,1
114,2017-02-20,기타축구,ACL,ACL 적응훈련(상하이상강),GS스포츠,50 ,598000 ,1
115,2017-02-21,기타축구,ACL,ACL (vs 상하이상강),GS스포츠,17764 ,40406640 ,1
116,2017-03-05,K리그,K리그 클래식,K리그 클래식(vs수원),GS스포츠,34376 ,79174040 ,1
117,2017-03-14,기타축구,ACL,ACL 적응훈련(시드니),GS스포츠,50 ,460000 ,1
118,2017-03-15,기타축구,ACL,ACL (vs 웨스턴시드니),GS스포츠,4769 ,24815410 ,1
119,2017-03-19,K리그,K리그 클래식,K리그 클래식(vs광주),GS스포츠,10892 ,36970700 ,1
120,2017-03-27,국가대표,월드컵예선 적응훈련(시리아),월드컵예선 적응훈련(시리아),대한축구협회,100 ,598000 ,1
121,2017-03-28,국가대표,월드컵예선(vs시리아),월드컵예선(vs시리아),대한축구협회,27920 ,114651600 ,1
122,2017-04-01,기타축구,일반시민 축구경기,일반시민 축구경기,황희식,50 ,897000 ,1
123,2017-04-08,K리그,K리그 클래식,K리그 클래식(vs제주),GS스포츠,13175 ,38079860 ,1
124,2017-04-13,일반행사,국가금식회개의날,국가금식회개의날,TOW미니스트리,15248 ,75858220 ,6
125,2017-04-19,기타축구,FA컵,FA컵-32강전 (vs 안양),GS스포츠,4277 ,12211850 ,1
126,2017-04-22,K리그,K리그 클래식,K리그 클래식(vs인천),GS스포츠,14596 ,40827270 ,1
127,2017-04-29,기타축구,일반시민 축구경기,일반시민 축구경기,곰두리축구단,200 ,0 ,1
128,2017-05-03,K리그,K리그 클래식,K리그 클래식(vs전남),GS스포츠,26261 ,50450840 ,1
129,2017-05-09,기타축구,ACL,ACL 적응훈련(우라와),GS스포츠,50 ,460000 ,1
130,2017-05-10,기타축구,ACL,ACL (vs우라와 ),GS스포츠,4933 ,26304850 ,1
131,2017-05-14,일반행사,워킹페스티벌 after 콘서트,워킹페스티벌 after 콘서트,크래스토마케팅,6682 ,24312350 ,4
132,2017-05-17,기타축구,FA컵,FA컵-16강전 (vs부산),GS스포츠,2456 ,9976980 ,1
133,2017-05-20,K리그,K리그 클래식,K리그 클래식(vs강원),GS스포츠,14560 ,45898730 ,1
134,2017-05-27,K리그,K리그 클래식,K리그 클래식(vs울산),GS스포츠,16359 ,42134530 ,1
135,2017-06-03,일반행사,콘서트,2017 드림콘서트,한국연예제작자협회,47508 ,100639370 ,9
136,2017-06-10,일반행사,콘서트,지드래곤 2017 콘서트,YG엔터테인먼트,35443 ,316811100 ,9
137,2017-06-21,K리그,K리그 클래식,K리그 클래식(vs대구),GS스포츠,6384 ,33789660 ,1
138,2017-06-25,K리그,K리그 클래식,K리그 클래식(vs상주),GS스포츠,9757 ,37307610 ,1
139,2017-07-02,K리그,K리그 클래식,K리그 클래식(vs전북),GS스포츠,17571 ,56086320 ,1
140,2017-07-08,일반행사,콘서트,SM타운 콘서트,드림메이커엔터테인먼트,32637 ,213257280 ,7
141,2017-07-12,K리그,K리그 클래식,K리그 클래식(vs포항),GS스포츠,8833 ,41230490 ,1
142,2017-07-17,일반행사,프린지 페스티벌,프린지 페스티벌,프린지,6000 ,0 ,6
143,2017-07-23,K리그,K리그 클래식,K리그 클래식(vs전북),GS스포츠,23913 ,53603280 ,1
144,2017-08-02,K리그,K리그 클래식,K리그 클래식(vs강원),GS스포츠,11361 ,40148730 ,1
145,2017-08-19,K리그,K리그 클래식,K리그 클래식(vs울산),GS스포츠,18087 ,47121090 ,1
146,2017-08-29,국가대표,월드컵예선 적응훈련,월드컵예선 적응훈련,대한축구협회,200 ,1196000 ,2
147,2017-08-31,국가대표,월드컵예선(vs이란),월드컵예선(vs이란),대한축구협회,60326 ,253759790 ,1
148,2017-09-09,K리그,K리그 클래식,K리그 클래식(vs제주),GS스포츠,17161 ,45338070 ,1
149,2017-09-23,K리그,K리그 클래식,K리그 클래식(vs포항),GS스포츠,16621 ,61864500 ,1
150,2017-10-21,K리그,K리그 클래식,K-스플릿라운드(vs수원),GS스포츠,27257 ,53874070 ,1
151,2017-10-28,기타축구,2017 서울컵 여자부 결승,2017 서울컵 여자부 결승,"공단, GS스포츠",50 ,0 ,1
152,2017-10-28,K리그,K리그 클래식,K-스플릿라운드(vs울산),GS스포츠,11984 ,37815470 ,1
153,2017-11-11,일반행사,한반도 평화통일 세계대회,한반도 평화통일 세계대회,세계평화통일가정연합,55991 ,101969480 ,7
154,2017-11-19,기타축구,2017 서울컵 남자부 결승,2017 서울컵 남자부 결승,"공단, GS스포츠",50 ,0 ,1
155,2017-11-19,K리그,K리그 클래식,K-스플릿라운드(vs제주),GS스포츠,10913 ,39301310 ,1
156,2018-03-11,K리그,K리그 클래식,2018 K리그1 서울vs강원,(주)GS스포츠,16506 ,42307060 ,1
157,2018-04-01,K리그,K리그 클래식,2018 K리그1 서울vs인천,(주)GS스포츠,12686 ,40321530 ,1
158,2018-04-07,기타축구,황희식/재경 동산FC축구단,서울경찰청FCvs재경동산FC 축구대회,황희식/재경 동산FC축구단,,897000 ,1
159,2018-04-11,K리그,K리그 클래식,2018 K리그1 서울vs포항,(주)GS스포츠,5230 ,30946270 ,1
160,2018-04-21,K리그,K리그 클래식,2018 K리그1 서울vs대구,(주)GS스포츠,8147 ,34804970 ,1
161,2018-04-28,K리그,K리그 클래식,2018 K리그1 서울vs상주,(주)GS스포츠,8063 ,34835140 ,1
162,2018-05-05,K리그,K리그 클래식,2018 K리그1 서울vs수원,(주)GS스포츠,37373 ,71612970 ,1
163,2018-05-12,일반행사,콘서트,2018 드림콘서트,한국연예제작자협회,43035 ,97994340 ,7
164,2018-05-18,일반행사,종교행사,2018 세계평화와 희망나눔을 위한 기도대성회,여의도순복음교회,65608 ,109245110 ,7
165,2018-05-20,K리그,K리그 클래식,2018 K리그1 서울vs전북,(주)GS스포츠,23956 ,55174460 ,1
166,2018-07-15,K리그,K리그 클래식,2018 K리그1 서울vs울산,(주)GS스포츠,12708 ,42381580 ,1
167,2018-07-18,K리그,K리그 클래식,2018 K리그1 서울vs전남,(주)GS스포츠,6056 ,36053570 ,1
168,2018-07-28,K리그,K리그 클래식,2018 K리그1 서울vs경남,(주)GS스포츠,9923 ,39371320 ,1
169,2018-08-04,K리그,K리그 클래식,2018 K리그1 서울vs제주,(주)GS스포츠,9456 ,38758310 ,1
170,2018-08-08,기타축구,FA컵,2018 FA컵 16강전 서울vs제주,(주)GS스포츠,3809 ,13351290 ,1
171,2018-08-11,기타축구,한국노동조합총연맹,남북노동자 통일 축구대회,한국노동조합총연맹,12452 ,34375000 ,3
172,2018-08-19,K리그,K리그 클래식,2018 K리그1 서울vs전북,(주)GS스포츠,20471 ,53100490 ,1
173,2018-08-22,K리그,K리그 클래식,2018 K리그1 서울vs포항,(주)GS스포츠,6995 ,38131200 ,1
174,2018-09-16,K리그,K리그 클래식,2018 K리그1 서울vs대구,(주)GS스포츠,15602 ,42600940 ,1
175,2018-09-26,K리그,K리그 클래식,2018 K리그1 서울vs인천,(주)GS스포츠,15092 ,41887160 ,1
176,2018-09-30,K리그,K리그 클래식,2018 K리그1 서울vs상주,(주)GS스포츠,12943 ,39249740 ,1
177,2018-10-12,국가대표,대한축구협회,축구국가대표팀 친선경기 대한민국vs우루과이,대한축구협회,64170 ,339712980 ,2
178,2018-10-27,K리그,K리그 클래식,2018 K스플릿라운드 서울vs강원,(주)GS스포츠,7616 ,35091160 ,1
179,2018-11-11,K리그,K리그 클래식,2018 K스플릿라운드 서울vs전남,(주)GS스포츠,8525 ,35880530 ,1
180,2018-11-24,K리그,K리그 클래식,2018 K스플릿라운드 서울vs인천,(주)GS스포츠,10816 ,38832310 ,1
181,2018-12-09,K리그,K리그 클래식,2018 K리그 승강플레이오프 서울vs부산,(주)GS스포츠,9612 ,57504930 ,1
182,2019-03-03,K리그,K리그1,2019 K리그1 서울vs포항,(주)GS스포츠,15100 ,46448200 ,1
183,2019-03-16,K리그,K리그1,2019 K리그1 서울vs제주,(주)GS스포츠,17003 ,42233810 ,1
184,2019-03-26,국가대표,축구국가대표팀 친선경기 대한민국vs콜롬비아,축구국가대표팀 친선경기 대한민국vs콜롬비아,대한축구협회,64412 ,359759980 ,2
185,2019-03-30,K리그,K리그1,2019 K리그1 서울vs상주,(주)GS스포츠,12862 ,39618720 ,1
186,2019-04-06,K리그,K리그1,2019 K리그1 서울vs경남,(주)GS스포츠,13503 ,39677520 ,1
187,2019-04-21,K리그,K리그1,2019 K리그1 서울vs인천,(주)GS스포츠,19314 ,47636620 ,1
188,2019-05-11,K리그,K리그1,2019 K리그1 서울vs대구,(주)GS스포츠,26505 ,58091120 ,1
189,2019-05-18,일반행사,콘서트,2019 드림콘서트,한국연예제작자협회,42563 ,88875350 ,7
190,2019-05-28,K리그,K리그1,2019 K리그1 서울vs성남,(주)GS스포츠,13091 ,41764650 ,1
191,2019-06-11,국가대표,축구국가대표팀 친선경기 대한민국vs이란,축구국가대표팀 친선경기 대한민국vs이란,대한축구협회,35481 ,316281330 ,2
192,2019-06-16,국가대표,2019 FIFA U-20 월드컵 결승 거리응원전,2019 FIFA U-20 월드컵 결승 거리응원전,"서울특별시, 대한축구협회",23000 ,,2
193,2019-06-16,K리그,K리그1,2019 K리그1 서울vs수원,(주)GS스포츠,35481 ,64878370 ,1
194,2019-06-30,K리그,K리그1,2019 K리그1 서울vs울산,(주)GS스포츠,19992 ,50311719 ,1
195,2019-07-06,K리그,K리그1,2019 K리그1 서울vs강원,(주)GS스포츠,17990 ,49143620 ,1
196,2019-07-20,K리그,K리그1,2019 K리그1 서울vs전북,(주)GS스포츠,32008 ,69212790 ,1
197,2019-07-26,일반행사,K리그 올스타vs유벤투스FC,K리그 올스타vs유벤투스FC,"사)한국프로축구연맹, ㈜더페스타",62689 ,912828350 ,2
198,2019-08-02,K리그,K리그1,2019 K리그1 서울vs대구,(주)GS스포츠,18578 ,48590770 ,1
199,2019-08-11,K리그,K리그1,2019 K리그1 서울vs강원,(주)GS스포츠,15355 ,47218175 ,1
200,2019-09-01,K리그,K리그1,2019 K리그1 서울vs전북,(주)GS스포츠,28024 ,62535658 ,1
201,2019-09-15,K리그,K리그1,2019 K리그1 서울vs인천,(주)GS스포츠,15236 ,44995210 ,1
202,2019-09-25,K리그,K리그1,2019 K리그1 서울vs경남,(주)GS스포츠,8429 ,39306280 ,1
203,2019-09-29,K리그,K리그1,2019 K리그1 서울vs상주,(주)GS스포츠,13914 ,60876030 ,1
204,2019-10-08,기타축구,제100회 전국체육대회,제100회 전국체육대회 4강 1차전,서울특별시,300 ,2769440 ,2
205,2019-10-08,기타축구,제100회 전국체육대회,제100회 전국체육대회 4강 2차전,서울특별시,350 ,,
206,2019-10-10,기타축구,제100회 전국체육대회,제100회 전국체육대회 결승,서울특별시,300 ,,1
207,2019-10-16,기타축구,제39회 장애인체전,제39회 장애인체전 8강전 1경기,서울특별시,100 ,354510 ,2
208,2019-10-16,기타축구,제39회 장애인체전,제39회 장애인체전 8강전 2경기,서울특별시,100 ,,
209,2019-10-16,기타축구,제39회 장애인체전,제39회 장애인체전 8강전 3경기,서울특별시,100 ,,
210,2019-10-16,기타축구,제39회 장애인체전,제39회 장애인체전 8강전 4경기,서울특별시,100 ,,
211,2019-10-18,기타축구,제39회 장애인체전,제39회 장애인체전 4강전 1경기,서울특별시,200 ,,1
212,2019-10-18,기타축구,제39회 장애인체전,제39회 장애인체전 4강전 2경기,서울특별시,200 ,,
213,2019-10-19,기타축구,제39회 장애인체전,제39회 장애인체전 결승,서울특별시,200 ,,1
214,2019-11-03,K리그,K리그1,2019 K리그1 파이널 서울vs울산,(주)GS스포츠,19813 ,68202520 ,1
215,2019-11-23,K리그,K리그1,2020 K리그1 파이널 서울vs포항,(주)GS스포츠,16783 ,46329880 ,1
